,ID,Data,Hora,Estacao,Codigo,Poluente,Valor,Unidade,Tipo
0,0,2015-01-01,01:00,Americana - Vila Santa Maria,SP01,MP10,65.0,ug/m3,automatica
1,1,2015-01-01,02:00,Americana - Vila Santa Maria,SP01,MP10,98.0,ug/m3,automatica
2,2,2015-01-01,03:00,Americana - Vila Santa Maria,SP01,MP10,79.0,ug/m3,automatica
3,3,2015-01-01,04:00,Americana - Vila Santa Maria,SP01,MP10,53.0,ug/m3,automatica
4,4,2015-01-01,05:00,Americana - Vila Santa Maria,SP01,MP10,35.0,ug/m3,automatica
5,5,2015-01-01,06:00,Americana - Vila Santa Maria,SP01,MP10,24.0,ug/m3,automatica
6,6,2015-01-01,07:00,Americana - Vila Santa Maria,SP01,MP10,25.0,ug/m3,automatica
7,7,2015-01-01,08:00,Americana - Vila Santa Maria,SP01,MP10,41.0,ug/m3,automatica
8,8,2015-01-01,09:00,Americana - Vila Santa Maria,SP01,MP10,28.0,ug/m3,automatica
9,9,2015-01-01,10:00,Americana - Vila Santa Maria,SP01,MP10,19.0,ug/m3,automatica
10,10,2015-01-01,11:00,Americana - Vila Santa Maria,SP01,MP10,12.0,ug/m3,automatica
11,11,2015-01-01,12:00,Americana - Vila Santa Maria,SP01,MP10,1.0,ug/m3,automatica
12,12,2015-01-01,13:00,Americana - Vila Santa Maria,SP01,MP10,2.0,ug/m3,automatica
13,13,2015-01-01,14:00,Americana - Vila Santa Maria,SP01,MP10,5.0,ug/m3,automatica
14,14,2015-01-01,15:00,Americana - Vila Santa Maria,SP01,MP10,9.0,ug/m3,automatica
15,15,2015-01-01,16:00,Americana - Vila Santa Maria,SP01,MP10,12.0,ug/m3,automatica
16,16,2015-01-01,17:00,Americana - Vila Santa Maria,SP01,MP10,9.0,ug/m3,automatica
17,17,2015-01-01,18:00,Americana - Vila Santa Maria,SP01,MP10,22.0,ug/m3,automatica
18,18,2015-01-01,19:00,Americana - Vila Santa Maria,SP01,MP10,4.0,ug/m3,automatica
19,19,2015-01-01,20:00,Americana - Vila Santa Maria,SP01,MP10,8.0,ug/m3,automatica
20,20,2015-01-01,21:00,Americana - Vila Santa Maria,SP01,MP10,7.0,ug/m3,automatica
21,21,2015-01-01,22:00,Americana - Vila Santa Maria,SP01,MP10,13.0,ug/m3,automatica
22,22,2015-01-01,23:00,Americana - Vila Santa Maria,SP01,MP10,11.0,ug/m3,automatica
23,23,2015-01-01,23:55,Americana - Vila Santa Maria,SP01,MP10,18.0,ug/m3,automatica
24,24,2015-01-02,01:00,Americana - Vila Santa Maria,SP01,MP10,14.0,ug/m3,automatica
25,25,2015-01-02,02:00,Americana - Vila Santa Maria,SP01,MP10,21.0,ug/m3,automatica
26,26,2015-01-02,03:00,Americana - Vila Santa Maria,SP01,MP10,3.0,ug/m3,automatica
27,27,2015-01-02,04:00,Americana - Vila Santa Maria,SP01,MP10,18.0,ug/m3,automatica
28,28,2015-01-02,05:00,Americana - Vila Santa Maria,SP01,MP10,19.0,ug/m3,automatica
29,29,2015-01-02,06:00,Americana - Vila Santa Maria,SP01,MP10,19.0,ug/m3,automatica
30,30,2015-01-02,07:00,Americana - Vila Santa Maria,SP01,MP10,18.0,ug/m3,automatica
31,31,2015-01-02,08:00,Americana - Vila Santa Maria,SP01,MP10,27.0,ug/m3,automatica
32,32,2015-01-02,09:00,Americana - Vila Santa Maria,SP01,MP10,25.0,ug/m3,automatica
33,33,2015-01-02,10:00,Americana - Vila Santa Maria,SP01,MP10,31.0,ug/m3,automatica
34,34,2015-01-02,11:00,Americana - Vila Santa Maria,SP01,MP10,15.0,ug/m3,automatica
35,35,2015-01-02,12:00,Americana - Vila Santa Maria,SP01,MP10,15.0,ug/m3,automatica
36,36,2015-01-02,13:00,Americana - Vila Santa Maria,SP01,MP10,6.0,ug/m3,automatica
37,37,2015-01-02,14:00,Americana - Vila Santa Maria,SP01,MP10,5.0,ug/m3,automatica
38,38,2015-01-02,15:00,Americana - Vila Santa Maria,SP01,MP10,17.0,ug/m3,automatica
39,39,2015-01-02,16:00,Americana - Vila Santa Maria,SP01,MP10,19.0,ug/m3,automatica
40,40,2015-01-02,17:00,Americana - Vila Santa Maria,SP01,MP10,29.0,ug/m3,automatica
41,41,2015-01-02,18:00,Americana - Vila Santa Maria,SP01,MP10,9.0,ug/m3,automatica
42,42,2015-01-02,19:00,Americana - Vila Santa Maria,SP01,MP10,12.0,ug/m3,automatica
43,43,2015-01-02,20:00,Americana - Vila Santa Maria,SP01,MP10,0.0,ug/m3,automatica
44,44,2015-01-02,21:00,Americana - Vila Santa Maria,SP01,MP10,56.0,ug/m3,automatica
45,45,2015-01-02,22:00,Americana - Vila Santa Maria,SP01,MP10,31.0,ug/m3,automatica
46,46,2015-01-02,23:00,Americana - Vila Santa Maria,SP01,MP10,8.0,ug/m3,automatica
47,47,2015-01-02,23:55,Americana - Vila Santa Maria,SP01,MP10,19.0,ug/m3,automatica
48,48,2015-01-03,01:00,Americana - Vila Santa Maria,SP01,MP10,13.0,ug/m3,automatica
49,49,2015-01-03,02:00,Americana - Vila Santa Maria,SP01,MP10,16.0,ug/m3,automatica
50,50,2015-01-03,03:00,Americana - Vila Santa Maria,SP01,MP10,5.0,ug/m3,automatica
51,51,2015-01-03,04:00,Americana - Vila Santa Maria,SP01,MP10,22.0,ug/m3,automatica
52,52,2015-01-03,05:00,Americana - Vila Santa Maria,SP01,MP10,12.0,ug/m3,automatica
53,53,2015-01-03,06:00,Americana - Vila Santa Maria,SP01,MP10,18.0,ug/m3,automatica
54,54,2015-01-03,07:00,Americana - Vila Santa Maria,SP01,MP10,22.0,ug/m3,automatica
55,55,2015-01-03,08:00,Americana - Vila Santa Maria,SP01,MP10,30.0,ug/m3,automatica
56,56,2015-01-03,09:00,Americana - Vila Santa Maria,SP01,MP10,35.0,ug/m3,automatica
57,57,2015-01-03,10:00,Americana - Vila Santa Maria,SP01,MP10,18.0,ug/m3,automatica
58,58,2015-01-03,11:00,Americana - Vila Santa Maria,SP01,MP10,18.0,ug/m3,automatica
59,59,2015-01-03,12:00,Americana - Vila Santa Maria,SP01,MP10,14.0,ug/m3,automatica
60,60,2015-01-03,13:00,Americana - Vila Santa Maria,SP01,MP10,18.0,ug/m3,automatica
61,61,2015-01-03,14:00,Americana - Vila Santa Maria,SP01,MP10,8.0,ug/m3,automatica
62,62,2015-01-03,15:00,Americana - Vila Santa Maria,SP01,MP10,10.0,ug/m3,automatica
63,63,2015-01-03,16:00,Americana - Vila Santa Maria,SP01,MP10,7.0,ug/m3,automatica
64,64,2015-01-03,17:00,Americana - Vila Santa Maria,SP01,MP10,24.0,ug/m3,automatica
65,65,2015-01-03,18:00,Americana - Vila Santa Maria,SP01,MP10,6.0,ug/m3,automatica
66,66,2015-01-03,19:00,Americana - Vila Santa Maria,SP01,MP10,22.0,ug/m3,automatica
67,67,2015-01-03,20:00,Americana - Vila Santa Maria,SP01,MP10,5.0,ug/m3,automatica
68,68,2015-01-03,21:00,Americana - Vila Santa Maria,SP01,MP10,12.0,ug/m3,automatica
69,69,2015-01-03,22:00,Americana - Vila Santa Maria,SP01,MP10,22.0,ug/m3,automatica
70,70,2015-01-03,23:00,Americana - Vila Santa Maria,SP01,MP10,23.0,ug/m3,automatica
71,71,2015-01-03,23:55,Americana - Vila Santa Maria,SP01,MP10,9.0,ug/m3,automatica
72,72,2015-01-04,01:00,Americana - Vila Santa Maria,SP01,MP10,27.0,ug/m3,automatica
73,73,2015-01-04,02:00,Americana - Vila Santa Maria,SP01,MP10,19.0,ug/m3,automatica
74,74,2015-01-04,03:00,Americana - Vila Santa Maria,SP01,MP10,2.0,ug/m3,automatica
75,75,2015-01-04,04:00,Americana - Vila Santa Maria,SP01,MP10,19.0,ug/m3,automatica
76,76,2015-01-04,05:00,Americana - Vila Santa Maria,SP01,MP10,19.0,ug/m3,automatica
77,77,2015-01-04,06:00,Americana - Vila Santa Maria,SP01,MP10,13.0,ug/m3,automatica
78,78,2015-01-04,07:00,Americana - Vila Santa Maria,SP01,MP10,11.0,ug/m3,automatica
79,79,2015-01-04,08:00,Americana - Vila Santa Maria,SP01,MP10,9.0,ug/m3,automatica
80,80,2015-01-04,09:00,Americana - Vila Santa Maria,SP01,MP10,13.0,ug/m3,automatica
81,81,2015-01-04,10:00,Americana - Vila Santa Maria,SP01,MP10,13.0,ug/m3,automatica
82,82,2015-01-04,11:00,Americana - Vila Santa Maria,SP01,MP10,4.0,ug/m3,automatica
83,83,2015-01-04,12:00,Americana - Vila Santa Maria,SP01,MP10,4.0,ug/m3,automatica
84,84,2015-01-04,13:00,Americana - Vila Santa Maria,SP01,MP10,12.0,ug/m3,automatica
85,85,2015-01-04,14:00,Americana - Vila Santa Maria,SP01,MP10,9.0,ug/m3,automatica
86,86,2015-01-04,15:00,Americana - Vila Santa Maria,SP01,MP10,9.0,ug/m3,automatica
87,87,2015-01-04,16:00,Americana - Vila Santa Maria,SP01,MP10,6.0,ug/m3,automatica
88,88,2015-01-04,17:00,Americana - Vila Santa Maria,SP01,MP10,12.0,ug/m3,automatica
89,89,2015-01-04,18:00,Americana - Vila Santa Maria,SP01,MP10,7.0,ug/m3,automatica
90,90,2015-01-04,19:00,Americana - Vila Santa Maria,SP01,MP10,11.0,ug/m3,automatica
91,91,2015-01-04,20:00,Americana - Vila Santa Maria,SP01,MP10,6.0,ug/m3,automatica
92,92,2015-01-04,21:00,Americana - Vila Santa Maria,SP01,MP10,5.0,ug/m3,automatica
93,93,2015-01-04,22:00,Americana - Vila Santa Maria,SP01,MP10,25.0,ug/m3,automatica
94,94,2015-01-04,23:00,Americana - Vila Santa Maria,SP01,MP10,16.0,ug/m3,automatica
95,95,2015-01-04,23:55,Americana - Vila Santa Maria,SP01,MP10,15.0,ug/m3,automatica
96,96,2015-01-05,01:00,Americana - Vila Santa Maria,SP01,MP10,13.0,ug/m3,automatica
97,97,2015-01-05,02:00,Americana - Vila Santa Maria,SP01,MP10,9.0,ug/m3,automatica
98,98,2015-01-05,03:00,Americana - Vila Santa Maria,SP01,MP10,14.0,ug/m3,automatica
99,99,2015-01-05,04:00,Americana - Vila Santa Maria,SP01,MP10,26.0,ug/m3,automatica
100,100,2015-01-05,05:00,Americana - Vila Santa Maria,SP01,MP10,20.0,ug/m3,automatica
101,101,2015-01-05,06:00,Americana - Vila Santa Maria,SP01,MP10,14.0,ug/m3,automatica
102,102,2015-01-05,07:00,Americana - Vila Santa Maria,SP01,MP10,20.0,ug/m3,automatica
103,103,2015-01-05,08:00,Americana - Vila Santa Maria,SP01,MP10,20.0,ug/m3,automatica
104,104,2015-01-05,09:00,Americana - Vila Santa Maria,SP01,MP10,22.0,ug/m3,automatica
105,105,2015-01-05,10:00,Americana - Vila Santa Maria,SP01,MP10,34.0,ug/m3,automatica
106,106,2015-01-05,11:00,Americana - Vila Santa Maria,SP01,MP10,23.0,ug/m3,automatica
107,107,2015-01-05,12:00,Americana - Vila Santa Maria,SP01,MP10,18.0,ug/m3,automatica
108,108,2015-01-05,13:00,Americana - Vila Santa Maria,SP01,MP10,25.0,ug/m3,automatica
109,109,2015-01-05,14:00,Americana - Vila Santa Maria,SP01,MP10,18.0,ug/m3,automatica
110,110,2015-01-05,15:00,Americana - Vila Santa Maria,SP01,MP10,20.0,ug/m3,automatica
111,111,2015-01-05,16:00,Americana - Vila Santa Maria,SP01,MP10,25.0,ug/m3,automatica
112,112,2015-01-05,17:00,Americana - Vila Santa Maria,SP01,MP10,14.0,ug/m3,automatica
113,113,2015-01-05,18:00,Americana - Vila Santa Maria,SP01,MP10,9.0,ug/m3,automatica
114,114,2015-01-05,19:00,Americana - Vila Santa Maria,SP01,MP10,11.0,ug/m3,automatica
115,115,2015-01-05,20:00,Americana - Vila Santa Maria,SP01,MP10,17.0,ug/m3,automatica
116,116,2015-01-05,21:00,Americana - Vila Santa Maria,SP01,MP10,18.0,ug/m3,automatica
117,117,2015-01-05,22:00,Americana - Vila Santa Maria,SP01,MP10,23.0,ug/m3,automatica
118,118,2015-01-05,23:00,Americana - Vila Santa Maria,SP01,MP10,20.0,ug/m3,automatica
119,119,2015-01-05,23:55,Americana - Vila Santa Maria,SP01,MP10,15.0,ug/m3,automatica
120,120,2015-01-06,01:00,Americana - Vila Santa Maria,SP01,MP10,3.0,ug/m3,automatica
121,121,2015-01-06,02:00,Americana - Vila Santa Maria,SP01,MP10,20.0,ug/m3,automatica
122,122,2015-01-06,03:00,Americana - Vila Santa Maria,SP01,MP10,12.0,ug/m3,automatica
123,123,2015-01-06,04:00,Americana - Vila Santa Maria,SP01,MP10,10.0,ug/m3,automatica
124,124,2015-01-06,05:00,Americana - Vila Santa Maria,SP01,MP10,19.0,ug/m3,automatica
125,125,2015-01-06,06:00,Americana - Vila Santa Maria,SP01,MP10,4.0,ug/m3,automatica
126,126,2015-01-06,07:00,Americana - Vila Santa Maria,SP01,MP10,6.0,ug/m3,automatica
127,127,2015-01-06,08:00,Americana - Vila Santa Maria,SP01,MP10,10.0,ug/m3,automatica
128,128,2015-01-06,09:00,Americana - Vila Santa Maria,SP01,MP10,20.0,ug/m3,automatica
129,129,2015-01-06,10:00,Americana - Vila Santa Maria,SP01,MP10,9.0,ug/m3,automatica
130,130,2015-01-06,11:00,Americana - Vila Santa Maria,SP01,MP10,14.0,ug/m3,automatica
131,131,2015-01-06,12:00,Americana - Vila Santa Maria,SP01,MP10,16.0,ug/m3,automatica
132,132,2015-01-06,13:00,Americana - Vila Santa Maria,SP01,MP10,16.0,ug/m3,automatica
133,133,2015-01-06,14:00,Americana - Vila Santa Maria,SP01,MP10,24.0,ug/m3,automatica
134,134,2015-01-06,15:00,Americana - Vila Santa Maria,SP01,MP10,22.0,ug/m3,automatica
135,135,2015-01-06,16:00,Americana - Vila Santa Maria,SP01,MP10,1.0,ug/m3,automatica
136,136,2015-01-06,17:00,Americana - Vila Santa Maria,SP01,MP10,15.0,ug/m3,automatica
137,137,2015-01-06,18:00,Americana - Vila Santa Maria,SP01,MP10,17.0,ug/m3,automatica
138,138,2015-01-06,19:00,Americana - Vila Santa Maria,SP01,MP10,19.0,ug/m3,automatica
139,139,2015-01-06,20:00,Americana - Vila Santa Maria,SP01,MP10,12.0,ug/m3,automatica
140,140,2015-01-06,21:00,Americana - Vila Santa Maria,SP01,MP10,48.0,ug/m3,automatica
141,141,2015-01-06,22:00,Americana - Vila Santa Maria,SP01,MP10,36.0,ug/m3,automatica
142,142,2015-01-06,23:00,Americana - Vila Santa Maria,SP01,MP10,1.0,ug/m3,automatica
143,143,2015-01-06,23:55,Americana - Vila Santa Maria,SP01,MP10,13.0,ug/m3,automatica
144,144,2015-01-07,01:00,Americana - Vila Santa Maria,SP01,MP10,10.0,ug/m3,automatica
145,145,2015-01-07,02:00,Americana - Vila Santa Maria,SP01,MP10,14.0,ug/m3,automatica
146,146,2015-01-07,03:00,Americana - Vila Santa Maria,SP01,MP10,25.0,ug/m3,automatica
147,147,2015-01-07,04:00,Americana - Vila Santa Maria,SP01,MP10,21.0,ug/m3,automatica
148,148,2015-01-07,05:00,Americana - Vila Santa Maria,SP01,MP10,15.0,ug/m3,automatica
149,149,2015-01-07,06:00,Americana - Vila Santa Maria,SP01,MP10,18.0,ug/m3,automatica
150,150,2015-01-07,07:00,Americana - Vila Santa Maria,SP01,MP10,21.0,ug/m3,automatica
151,151,2015-01-07,08:00,Americana - Vila Santa Maria,SP01,MP10,23.0,ug/m3,automatica
152,152,2015-01-07,09:00,Americana - Vila Santa Maria,SP01,MP10,30.0,ug/m3,automatica
153,153,2015-01-07,10:00,Americana - Vila Santa Maria,SP01,MP10,28.0,ug/m3,automatica
154,154,2015-01-07,11:00,Americana - Vila Santa Maria,SP01,MP10,19.0,ug/m3,automatica
155,155,2015-01-07,12:00,Americana - Vila Santa Maria,SP01,MP10,16.0,ug/m3,automatica
156,156,2015-01-07,13:00,Americana - Vila Santa Maria,SP01,MP10,10.0,ug/m3,automatica
157,157,2015-01-07,14:00,Americana - Vila Santa Maria,SP01,MP10,13.0,ug/m3,automatica
158,158,2015-01-07,15:00,Americana - Vila Santa Maria,SP01,MP10,7.0,ug/m3,automatica
159,159,2015-01-07,16:00,Americana - Vila Santa Maria,SP01,MP10,22.0,ug/m3,automatica
160,160,2015-01-07,17:00,Americana - Vila Santa Maria,SP01,MP10,38.0,ug/m3,automatica
161,161,2015-01-07,18:00,Americana - Vila Santa Maria,SP01,MP10,7.0,ug/m3,automatica
162,162,2015-01-07,19:00,Americana - Vila Santa Maria,SP01,MP10,0.0,ug/m3,automatica
163,163,2015-01-07,20:00,Americana - Vila Santa Maria,SP01,MP10,23.0,ug/m3,automatica
164,164,2015-01-07,21:00,Americana - Vila Santa Maria,SP01,MP10,5.0,ug/m3,automatica
165,165,2015-01-07,22:00,Americana - Vila Santa Maria,SP01,MP10,34.0,ug/m3,automatica
166,166,2015-01-07,23:00,Americana - Vila Santa Maria,SP01,MP10,9.0,ug/m3,automatica
167,167,2015-01-07,23:55,Americana - Vila Santa Maria,SP01,MP10,14.0,ug/m3,automatica
168,168,2015-01-08,01:00,Americana - Vila Santa Maria,SP01,MP10,11.0,ug/m3,automatica
169,169,2015-01-08,02:00,Americana - Vila Santa Maria,SP01,MP10,16.0,ug/m3,automatica
170,170,2015-01-08,03:00,Americana - Vila Santa Maria,SP01,MP10,10.0,ug/m3,automatica
171,171,2015-01-08,04:00,Americana - Vila Santa Maria,SP01,MP10,16.0,ug/m3,automatica
172,172,2015-01-08,05:00,Americana - Vila Santa Maria,SP01,MP10,16.0,ug/m3,automatica
173,173,2015-01-08,06:00,Americana - Vila Santa Maria,SP01,MP10,7.0,ug/m3,automatica
174,174,2015-01-08,07:00,Americana - Vila Santa Maria,SP01,MP10,18.0,ug/m3,automatica
175,175,2015-01-08,08:00,Americana - Vila Santa Maria,SP01,MP10,13.0,ug/m3,automatica
176,176,2015-01-08,09:00,Americana - Vila Santa Maria,SP01,MP10,17.0,ug/m3,automatica
177,177,2015-01-08,10:00,Americana - Vila Santa Maria,SP01,MP10,5.0,ug/m3,automatica
178,178,2015-01-08,11:00,Americana - Vila Santa Maria,SP01,MP10,12.0,ug/m3,automatica
179,179,2015-01-08,12:00,Americana - Vila Santa Maria,SP01,MP10,19.0,ug/m3,automatica
180,180,2015-01-08,13:00,Americana - Vila Santa Maria,SP01,MP10,14.0,ug/m3,automatica
181,181,2015-01-08,14:00,Americana - Vila Santa Maria,SP01,MP10,10.0,ug/m3,automatica
182,182,2015-01-08,15:00,Americana - Vila Santa Maria,SP01,MP10,23.0,ug/m3,automatica
183,183,2015-01-08,16:00,Americana - Vila Santa Maria,SP01,MP10,26.0,ug/m3,automatica
184,184,2015-01-08,17:00,Americana - Vila Santa Maria,SP01,MP10,15.0,ug/m3,automatica
185,185,2015-01-08,18:00,Americana - Vila Santa Maria,SP01,MP10,12.0,ug/m3,automatica
186,186,2015-01-08,19:00,Americana - Vila Santa Maria,SP01,MP10,99.0,ug/m3,automatica
187,187,2015-01-08,20:00,Americana - Vila Santa Maria,SP01,MP10,32.0,ug/m3,automatica
188,188,2015-01-08,21:00,Americana - Vila Santa Maria,SP01,MP10,12.0,ug/m3,automatica
189,189,2015-01-08,22:00,Americana - Vila Santa Maria,SP01,MP10,18.0,ug/m3,automatica
190,190,2015-01-08,23:00,Americana - Vila Santa Maria,SP01,MP10,37.0,ug/m3,automatica
191,191,2015-01-08,23:55,Americana - Vila Santa Maria,SP01,MP10,13.0,ug/m3,automatica
192,192,2015-01-09,01:00,Americana - Vila Santa Maria,SP01,MP10,14.0,ug/m3,automatica
193,193,2015-01-09,02:00,Americana - Vila Santa Maria,SP01,MP10,28.0,ug/m3,automatica
194,194,2015-01-09,03:00,Americana - Vila Santa Maria,SP01,MP10,18.0,ug/m3,automatica
195,195,2015-01-09,04:00,Americana - Vila Santa Maria,SP01,MP10,22.0,ug/m3,automatica
196,196,2015-01-09,05:00,Americana - Vila Santa Maria,SP01,MP10,24.0,ug/m3,automatica
197,197,2015-01-09,06:00,Americana - Vila Santa Maria,SP01,MP10,37.0,ug/m3,automatica
198,198,2015-01-09,07:00,Americana - Vila Santa Maria,SP01,MP10,22.0,ug/m3,automatica
199,199,2015-01-09,08:00,Americana - Vila Santa Maria,SP01,MP10,38.0,ug/m3,automatica
200,200,2015-01-09,09:00,Americana - Vila Santa Maria,SP01,MP10,57.0,ug/m3,automatica
201,201,2015-01-09,10:00,Americana - Vila Santa Maria,SP01,MP10,51.0,ug/m3,automatica
202,202,2015-01-09,11:00,Americana - Vila Santa Maria,SP01,MP10,45.0,ug/m3,automatica
203,203,2015-01-09,12:00,Americana - Vila Santa Maria,SP01,MP10,36.0,ug/m3,automatica
204,204,2015-01-09,13:00,Americana - Vila Santa Maria,SP01,MP10,21.0,ug/m3,automatica
205,205,2015-01-09,14:00,Americana - Vila Santa Maria,SP01,MP10,14.0,ug/m3,automatica
206,206,2015-01-09,15:00,Americana - Vila Santa Maria,SP01,MP10,24.0,ug/m3,automatica
207,207,2015-01-09,16:00,Americana - Vila Santa Maria,SP01,MP10,39.0,ug/m3,automatica
208,208,2015-01-09,17:00,Americana - Vila Santa Maria,SP01,MP10,15.0,ug/m3,automatica
209,209,2015-01-09,18:00,Americana - Vila Santa Maria,SP01,MP10,15.0,ug/m3,automatica
210,210,2015-01-09,19:00,Americana - Vila Santa Maria,SP01,MP10,21.0,ug/m3,automatica
211,211,2015-01-09,20:00,Americana - Vila Santa Maria,SP01,MP10,20.0,ug/m3,automatica
212,212,2015-01-09,21:00,Americana - Vila Santa Maria,SP01,MP10,44.0,ug/m3,automatica
213,213,2015-01-09,22:00,Americana - Vila Santa Maria,SP01,MP10,39.0,ug/m3,automatica
214,214,2015-01-09,23:00,Americana - Vila Santa Maria,SP01,MP10,20.0,ug/m3,automatica
215,215,2015-01-09,23:55,Americana - Vila Santa Maria,SP01,MP10,1.0,ug/m3,automatica
216,216,2015-01-10,01:00,Americana - Vila Santa Maria,SP01,MP10,15.0,ug/m3,automatica
217,217,2015-01-10,02:00,Americana - Vila Santa Maria,SP01,MP10,13.0,ug/m3,automatica
218,218,2015-01-10,03:00,Americana - Vila Santa Maria,SP01,MP10,25.0,ug/m3,automatica
219,219,2015-01-10,04:00,Americana - Vila Santa Maria,SP01,MP10,11.0,ug/m3,automatica
220,220,2015-01-10,05:00,Americana - Vila Santa Maria,SP01,MP10,31.0,ug/m3,automatica
221,221,2015-01-10,06:00,Americana - Vila Santa Maria,SP01,MP10,25.0,ug/m3,automatica
222,222,2015-01-10,07:00,Americana - Vila Santa Maria,SP01,MP10,21.0,ug/m3,automatica
223,223,2015-01-10,08:00,Americana - Vila Santa Maria,SP01,MP10,29.0,ug/m3,automatica
224,224,2015-01-10,09:00,Americana - Vila Santa Maria,SP01,MP10,43.0,ug/m3,automatica
225,225,2015-01-10,10:00,Americana - Vila Santa Maria,SP01,MP10,32.0,ug/m3,automatica
226,226,2015-01-10,11:00,Americana - Vila Santa Maria,SP01,MP10,10.0,ug/m3,automatica
227,227,2015-01-10,12:00,Americana - Vila Santa Maria,SP01,MP10,13.0,ug/m3,automatica
228,228,2015-01-10,13:00,Americana - Vila Santa Maria,SP01,MP10,13.0,ug/m3,automatica
229,229,2015-01-10,14:00,Americana - Vila Santa Maria,SP01,MP10,4.0,ug/m3,automatica
230,230,2015-01-10,15:00,Americana - Vila Santa Maria,SP01,MP10,16.0,ug/m3,automatica
231,231,2015-01-10,16:00,Americana - Vila Santa Maria,SP01,MP10,22.0,ug/m3,automatica
232,232,2015-01-10,17:00,Americana - Vila Santa Maria,SP01,MP10,20.0,ug/m3,automatica
233,233,2015-01-10,18:00,Americana - Vila Santa Maria,SP01,MP10,7.0,ug/m3,automatica
234,234,2015-01-10,19:00,Americana - Vila Santa Maria,SP01,MP10,6.0,ug/m3,automatica
235,235,2015-01-10,20:00,Americana - Vila Santa Maria,SP01,MP10,3.0,ug/m3,automatica
236,236,2015-01-10,21:00,Americana - Vila Santa Maria,SP01,MP10,17.0,ug/m3,automatica
237,237,2015-01-10,22:00,Americana - Vila Santa Maria,SP01,MP10,17.0,ug/m3,automatica
238,238,2015-01-10,23:00,Americana - Vila Santa Maria,SP01,MP10,31.0,ug/m3,automatica
239,239,2015-01-10,23:55,Americana - Vila Santa Maria,SP01,MP10,33.0,ug/m3,automatica
240,240,2015-01-11,01:00,Americana - Vila Santa Maria,SP01,MP10,19.0,ug/m3,automatica
241,241,2015-01-11,02:00,Americana - Vila Santa Maria,SP01,MP10,22.0,ug/m3,automatica
242,242,2015-01-11,03:00,Americana - Vila Santa Maria,SP01,MP10,17.0,ug/m3,automatica
243,243,2015-01-11,04:00,Americana - Vila Santa Maria,SP01,MP10,39.0,ug/m3,automatica
244,244,2015-01-11,05:00,Americana - Vila Santa Maria,SP01,MP10,21.0,ug/m3,automatica
245,245,2015-01-11,06:00,Americana - Vila Santa Maria,SP01,MP10,30.0,ug/m3,automatica
246,246,2015-01-11,07:00,Americana - Vila Santa Maria,SP01,MP10,15.0,ug/m3,automatica
247,247,2015-01-11,08:00,Americana - Vila Santa Maria,SP01,MP10,23.0,ug/m3,automatica
248,248,2015-01-11,09:00,Americana - Vila Santa Maria,SP01,MP10,22.0,ug/m3,automatica
249,249,2015-01-11,10:00,Americana - Vila Santa Maria,SP01,MP10,19.0,ug/m3,automatica
250,250,2015-01-11,11:00,Americana - Vila Santa Maria,SP01,MP10,21.0,ug/m3,automatica
251,251,2015-01-11,12:00,Americana - Vila Santa Maria,SP01,MP10,31.0,ug/m3,automatica
252,252,2015-01-11,13:00,Americana - Vila Santa Maria,SP01,MP10,27.0,ug/m3,automatica
253,253,2015-01-11,14:00,Americana - Vila Santa Maria,SP01,MP10,21.0,ug/m3,automatica
254,254,2015-01-11,15:00,Americana - Vila Santa Maria,SP01,MP10,38.0,ug/m3,automatica
255,255,2015-01-11,16:00,Americana - Vila Santa Maria,SP01,MP10,27.0,ug/m3,automatica
256,256,2015-01-11,17:00,Americana - Vila Santa Maria,SP01,MP10,29.0,ug/m3,automatica
257,257,2015-01-11,18:00,Americana - Vila Santa Maria,SP01,MP10,9.0,ug/m3,automatica
258,258,2015-01-11,19:00,Americana - Vila Santa Maria,SP01,MP10,33.0,ug/m3,automatica
259,259,2015-01-11,20:00,Americana - Vila Santa Maria,SP01,MP10,37.0,ug/m3,automatica
260,260,2015-01-11,21:00,Americana - Vila Santa Maria,SP01,MP10,44.0,ug/m3,automatica
261,261,2015-01-11,22:00,Americana - Vila Santa Maria,SP01,MP10,19.0,ug/m3,automatica
262,262,2015-01-11,23:00,Americana - Vila Santa Maria,SP01,MP10,7.0,ug/m3,automatica
263,263,2015-01-11,23:55,Americana - Vila Santa Maria,SP01,MP10,21.0,ug/m3,automatica
264,264,2015-01-12,01:00,Americana - Vila Santa Maria,SP01,MP10,14.0,ug/m3,automatica
265,265,2015-01-12,02:00,Americana - Vila Santa Maria,SP01,MP10,23.0,ug/m3,automatica
266,266,2015-01-12,03:00,Americana - Vila Santa Maria,SP01,MP10,21.0,ug/m3,automatica
267,267,2015-01-12,04:00,Americana - Vila Santa Maria,SP01,MP10,27.0,ug/m3,automatica
268,268,2015-01-12,05:00,Americana - Vila Santa Maria,SP01,MP10,22.0,ug/m3,automatica
269,269,2015-01-12,06:00,Americana - Vila Santa Maria,SP01,MP10,5.0,ug/m3,automatica
270,270,2015-01-12,07:00,Americana - Vila Santa Maria,SP01,MP10,9.0,ug/m3,automatica
271,271,2015-01-12,08:00,Americana - Vila Santa Maria,SP01,MP10,0.0,ug/m3,automatica
272,272,2015-01-12,09:00,Americana - Vila Santa Maria,SP01,MP10,22.0,ug/m3,automatica
273,273,2015-01-12,10:00,Americana - Vila Santa Maria,SP01,MP10,28.0,ug/m3,automatica
274,274,2015-01-12,11:00,Americana - Vila Santa Maria,SP01,MP10,23.0,ug/m3,automatica
275,275,2015-01-12,12:00,Americana - Vila Santa Maria,SP01,MP10,30.0,ug/m3,automatica
276,276,2015-01-12,13:00,Americana - Vila Santa Maria,SP01,MP10,12.0,ug/m3,automatica
277,277,2015-01-12,14:00,Americana - Vila Santa Maria,SP01,MP10,18.0,ug/m3,automatica
278,278,2015-01-12,15:00,Americana - Vila Santa Maria,SP01,MP10,19.0,ug/m3,automatica
279,279,2015-01-12,16:00,Americana - Vila Santa Maria,SP01,MP10,16.0,ug/m3,automatica
280,280,2015-01-12,17:00,Americana - Vila Santa Maria,SP01,MP10,29.0,ug/m3,automatica
281,281,2015-01-12,18:00,Americana - Vila Santa Maria,SP01,MP10,13.0,ug/m3,automatica
282,282,2015-01-12,19:00,Americana - Vila Santa Maria,SP01,MP10,6.0,ug/m3,automatica
283,283,2015-01-12,20:00,Americana - Vila Santa Maria,SP01,MP10,1.0,ug/m3,automatica
284,284,2015-01-12,21:00,Americana - Vila Santa Maria,SP01,MP10,23.0,ug/m3,automatica
285,285,2015-01-12,22:00,Americana - Vila Santa Maria,SP01,MP10,106.0,ug/m3,automatica
286,286,2015-01-12,23:00,Americana - Vila Santa Maria,SP01,MP10,43.0,ug/m3,automatica
287,287,2015-01-12,23:55,Americana - Vila Santa Maria,SP01,MP10,19.0,ug/m3,automatica
288,288,2015-01-13,01:00,Americana - Vila Santa Maria,SP01,MP10,41.0,ug/m3,automatica
289,289,2015-01-13,02:00,Americana - Vila Santa Maria,SP01,MP10,25.0,ug/m3,automatica
290,290,2015-01-13,03:00,Americana - Vila Santa Maria,SP01,MP10,33.0,ug/m3,automatica
291,291,2015-01-13,04:00,Americana - Vila Santa Maria,SP01,MP10,30.0,ug/m3,automatica
292,292,2015-01-13,05:00,Americana - Vila Santa Maria,SP01,MP10,42.0,ug/m3,automatica
293,293,2015-01-13,06:00,Americana - Vila Santa Maria,SP01,MP10,18.0,ug/m3,automatica
294,294,2015-01-13,07:00,Americana - Vila Santa Maria,SP01,MP10,36.0,ug/m3,automatica
295,295,2015-01-13,08:00,Americana - Vila Santa Maria,SP01,MP10,38.0,ug/m3,automatica
296,296,2015-01-13,09:00,Americana - Vila Santa Maria,SP01,MP10,49.0,ug/m3,automatica
297,297,2015-01-13,10:00,Americana - Vila Santa Maria,SP01,MP10,39.0,ug/m3,automatica
298,298,2015-01-13,11:00,Americana - Vila Santa Maria,SP01,MP10,28.0,ug/m3,automatica
299,299,2015-01-13,12:00,Americana - Vila Santa Maria,SP01,MP10,14.0,ug/m3,automatica
300,300,2015-01-13,13:00,Americana - Vila Santa Maria,SP01,MP10,17.0,ug/m3,automatica
301,301,2015-01-13,14:00,Americana - Vila Santa Maria,SP01,MP10,16.0,ug/m3,automatica
302,302,2015-01-13,15:00,Americana - Vila Santa Maria,SP01,MP10,27.0,ug/m3,automatica
303,303,2015-01-13,16:00,Americana - Vila Santa Maria,SP01,MP10,23.0,ug/m3,automatica
304,304,2015-01-13,17:00,Americana - Vila Santa Maria,SP01,MP10,19.0,ug/m3,automatica
305,305,2015-01-13,18:00,Americana - Vila Santa Maria,SP01,MP10,36.0,ug/m3,automatica
306,306,2015-01-13,19:00,Americana - Vila Santa Maria,SP01,MP10,6.0,ug/m3,automatica
307,307,2015-01-13,20:00,Americana - Vila Santa Maria,SP01,MP10,14.0,ug/m3,automatica
308,308,2015-01-13,21:00,Americana - Vila Santa Maria,SP01,MP10,18.0,ug/m3,automatica
309,309,2015-01-13,22:00,Americana - Vila Santa Maria,SP01,MP10,22.0,ug/m3,automatica
310,310,2015-01-13,23:00,Americana - Vila Santa Maria,SP01,MP10,27.0,ug/m3,automatica
311,311,2015-01-13,23:55,Americana - Vila Santa Maria,SP01,MP10,32.0,ug/m3,automatica
312,312,2015-01-14,01:00,Americana - Vila Santa Maria,SP01,MP10,55.0,ug/m3,automatica
313,313,2015-01-14,02:00,Americana - Vila Santa Maria,SP01,MP10,32.0,ug/m3,automatica
314,314,2015-01-14,03:00,Americana - Vila Santa Maria,SP01,MP10,43.0,ug/m3,automatica
315,315,2015-01-14,04:00,Americana - Vila Santa Maria,SP01,MP10,47.0,ug/m3,automatica
316,316,2015-01-14,05:00,Americana - Vila Santa Maria,SP01,MP10,45.0,ug/m3,automatica
317,317,2015-01-14,06:00,Americana - Vila Santa Maria,SP01,MP10,51.0,ug/m3,automatica
318,318,2015-01-14,07:00,Americana - Vila Santa Maria,SP01,MP10,37.0,ug/m3,automatica
319,319,2015-01-14,08:00,Americana - Vila Santa Maria,SP01,MP10,34.0,ug/m3,automatica
320,320,2015-01-14,09:00,Americana - Vila Santa Maria,SP01,MP10,44.0,ug/m3,automatica
321,321,2015-01-14,10:00,Americana - Vila Santa Maria,SP01,MP10,64.0,ug/m3,automatica
322,322,2015-01-14,11:00,Americana - Vila Santa Maria,SP01,MP10,47.0,ug/m3,automatica
323,323,2015-01-14,12:00,Americana - Vila Santa Maria,SP01,MP10,56.0,ug/m3,automatica
324,324,2015-01-14,13:00,Americana - Vila Santa Maria,SP01,MP10,41.0,ug/m3,automatica
325,325,2015-01-14,14:00,Americana - Vila Santa Maria,SP01,MP10,46.0,ug/m3,automatica
326,326,2015-01-14,15:00,Americana - Vila Santa Maria,SP01,MP10,54.0,ug/m3,automatica
327,327,2015-01-14,16:00,Americana - Vila Santa Maria,SP01,MP10,66.0,ug/m3,automatica
328,328,2015-01-14,17:00,Americana - Vila Santa Maria,SP01,MP10,38.0,ug/m3,automatica
329,329,2015-01-14,18:00,Americana - Vila Santa Maria,SP01,MP10,22.0,ug/m3,automatica
330,330,2015-01-14,19:00,Americana - Vila Santa Maria,SP01,MP10,10.0,ug/m3,automatica
331,331,2015-01-14,20:00,Americana - Vila Santa Maria,SP01,MP10,30.0,ug/m3,automatica
332,332,2015-01-14,21:00,Americana - Vila Santa Maria,SP01,MP10,11.0,ug/m3,automatica
333,333,2015-01-14,22:00,Americana - Vila Santa Maria,SP01,MP10,22.0,ug/m3,automatica
334,334,2015-01-14,23:00,Americana - Vila Santa Maria,SP01,MP10,35.0,ug/m3,automatica
335,335,2015-01-14,23:55,Americana - Vila Santa Maria,SP01,MP10,17.0,ug/m3,automatica
336,336,2015-01-15,01:00,Americana - Vila Santa Maria,SP01,MP10,21.0,ug/m3,automatica
337,337,2015-01-15,02:00,Americana - Vila Santa Maria,SP01,MP10,30.0,ug/m3,automatica
338,338,2015-01-15,03:00,Americana - Vila Santa Maria,SP01,MP10,27.0,ug/m3,automatica
339,339,2015-01-15,04:00,Americana - Vila Santa Maria,SP01,MP10,20.0,ug/m3,automatica
340,340,2015-01-15,05:00,Americana - Vila Santa Maria,SP01,MP10,39.0,ug/m3,automatica
341,341,2015-01-15,06:00,Americana - Vila Santa Maria,SP01,MP10,29.0,ug/m3,automatica
342,342,2015-01-15,07:00,Americana - Vila Santa Maria,SP01,MP10,44.0,ug/m3,automatica
343,343,2015-01-15,08:00,Americana - Vila Santa Maria,SP01,MP10,42.0,ug/m3,automatica
344,344,2015-01-15,09:00,Americana - Vila Santa Maria,SP01,MP10,23.0,ug/m3,automatica
345,345,2015-01-15,10:00,Americana - Vila Santa Maria,SP01,MP10,44.0,ug/m3,automatica
346,346,2015-01-15,11:00,Americana - Vila Santa Maria,SP01,MP10,26.0,ug/m3,automatica
347,347,2015-01-15,12:00,Americana - Vila Santa Maria,SP01,MP10,25.0,ug/m3,automatica
348,348,2015-01-15,13:00,Americana - Vila Santa Maria,SP01,MP10,16.0,ug/m3,automatica
349,349,2015-01-15,14:00,Americana - Vila Santa Maria,SP01,MP10,23.0,ug/m3,automatica
350,350,2015-01-15,15:00,Americana - Vila Santa Maria,SP01,MP10,34.0,ug/m3,automatica
351,351,2015-01-15,16:00,Americana - Vila Santa Maria,SP01,MP10,36.0,ug/m3,automatica
352,352,2015-01-15,17:00,Americana - Vila Santa Maria,SP01,MP10,88.0,ug/m3,automatica
353,353,2015-01-15,18:00,Americana - Vila Santa Maria,SP01,MP10,42.0,ug/m3,automatica
354,354,2015-01-15,19:00,Americana - Vila Santa Maria,SP01,MP10,11.0,ug/m3,automatica
355,355,2015-01-15,20:00,Americana - Vila Santa Maria,SP01,MP10,9.0,ug/m3,automatica
356,356,2015-01-15,21:00,Americana - Vila Santa Maria,SP01,MP10,41.0,ug/m3,automatica
357,357,2015-01-15,22:00,Americana - Vila Santa Maria,SP01,MP10,41.0,ug/m3,automatica
358,358,2015-01-15,23:00,Americana - Vila Santa Maria,SP01,MP10,59.0,ug/m3,automatica
359,359,2015-01-15,23:55,Americana - Vila Santa Maria,SP01,MP10,48.0,ug/m3,automatica
360,360,2015-01-16,01:00,Americana - Vila Santa Maria,SP01,MP10,40.0,ug/m3,automatica
361,361,2015-01-16,02:00,Americana - Vila Santa Maria,SP01,MP10,32.0,ug/m3,automatica
362,362,2015-01-16,03:00,Americana - Vila Santa Maria,SP01,MP10,25.0,ug/m3,automatica
363,363,2015-01-16,04:00,Americana - Vila Santa Maria,SP01,MP10,24.0,ug/m3,automatica
364,364,2015-01-16,05:00,Americana - Vila Santa Maria,SP01,MP10,31.0,ug/m3,automatica
365,365,2015-01-16,06:00,Americana - Vila Santa Maria,SP01,MP10,14.0,ug/m3,automatica
366,366,2015-01-16,07:00,Americana - Vila Santa Maria,SP01,MP10,32.0,ug/m3,automatica
367,367,2015-01-16,08:00,Americana - Vila Santa Maria,SP01,MP10,24.0,ug/m3,automatica
368,368,2015-01-16,09:00,Americana - Vila Santa Maria,SP01,MP10,30.0,ug/m3,automatica
369,369,2015-01-16,10:00,Americana - Vila Santa Maria,SP01,MP10,36.0,ug/m3,automatica
370,370,2015-01-16,11:00,Americana - Vila Santa Maria,SP01,MP10,30.0,ug/m3,automatica
371,371,2015-01-16,12:00,Americana - Vila Santa Maria,SP01,MP10,33.0,ug/m3,automatica
372,372,2015-01-16,13:00,Americana - Vila Santa Maria,SP01,MP10,21.0,ug/m3,automatica
373,373,2015-01-16,14:00,Americana - Vila Santa Maria,SP01,MP10,33.0,ug/m3,automatica
374,374,2015-01-16,15:00,Americana - Vila Santa Maria,SP01,MP10,24.0,ug/m3,automatica
375,375,2015-01-16,16:00,Americana - Vila Santa Maria,SP01,MP10,54.0,ug/m3,automatica
376,376,2015-01-16,17:00,Americana - Vila Santa Maria,SP01,MP10,30.0,ug/m3,automatica
377,377,2015-01-16,18:00,Americana - Vila Santa Maria,SP01,MP10,9.0,ug/m3,automatica
378,378,2015-01-16,19:00,Americana - Vila Santa Maria,SP01,MP10,27.0,ug/m3,automatica
379,379,2015-01-16,20:00,Americana - Vila Santa Maria,SP01,MP10,38.0,ug/m3,automatica
380,380,2015-01-16,21:00,Americana - Vila Santa Maria,SP01,MP10,33.0,ug/m3,automatica
381,381,2015-01-16,22:00,Americana - Vila Santa Maria,SP01,MP10,47.0,ug/m3,automatica
382,382,2015-01-16,23:00,Americana - Vila Santa Maria,SP01,MP10,69.0,ug/m3,automatica
383,383,2015-01-16,23:55,Americana - Vila Santa Maria,SP01,MP10,73.0,ug/m3,automatica
384,384,2015-01-17,01:00,Americana - Vila Santa Maria,SP01,MP10,44.0,ug/m3,automatica
385,385,2015-01-17,02:00,Americana - Vila Santa Maria,SP01,MP10,64.0,ug/m3,automatica
386,386,2015-01-17,03:00,Americana - Vila Santa Maria,SP01,MP10,40.0,ug/m3,automatica
387,387,2015-01-17,04:00,Americana - Vila Santa Maria,SP01,MP10,47.0,ug/m3,automatica
388,388,2015-01-17,05:00,Americana - Vila Santa Maria,SP01,MP10,48.0,ug/m3,automatica
389,389,2015-01-17,06:00,Americana - Vila Santa Maria,SP01,MP10,40.0,ug/m3,automatica
390,390,2015-01-17,07:00,Americana - Vila Santa Maria,SP01,MP10,36.0,ug/m3,automatica
391,391,2015-01-17,08:00,Americana - Vila Santa Maria,SP01,MP10,65.0,ug/m3,automatica
392,392,2015-01-17,09:00,Americana - Vila Santa Maria,SP01,MP10,44.0,ug/m3,automatica
393,393,2015-01-17,10:00,Americana - Vila Santa Maria,SP01,MP10,41.0,ug/m3,automatica
394,394,2015-01-17,11:00,Americana - Vila Santa Maria,SP01,MP10,45.0,ug/m3,automatica
395,395,2015-01-17,12:00,Americana - Vila Santa Maria,SP01,MP10,25.0,ug/m3,automatica
396,396,2015-01-17,13:00,Americana - Vila Santa Maria,SP01,MP10,33.0,ug/m3,automatica
397,397,2015-01-17,14:00,Americana - Vila Santa Maria,SP01,MP10,23.0,ug/m3,automatica
398,398,2015-01-17,15:00,Americana - Vila Santa Maria,SP01,MP10,26.0,ug/m3,automatica
399,399,2015-01-17,16:00,Americana - Vila Santa Maria,SP01,MP10,31.0,ug/m3,automatica
400,400,2015-01-17,17:00,Americana - Vila Santa Maria,SP01,MP10,42.0,ug/m3,automatica
401,401,2015-01-17,18:00,Americana - Vila Santa Maria,SP01,MP10,33.0,ug/m3,automatica
402,402,2015-01-17,19:00,Americana - Vila Santa Maria,SP01,MP10,6.0,ug/m3,automatica
403,403,2015-01-17,20:00,Americana - Vila Santa Maria,SP01,MP10,26.0,ug/m3,automatica
404,404,2015-01-17,21:00,Americana - Vila Santa Maria,SP01,MP10,30.0,ug/m3,automatica
405,405,2015-01-17,22:00,Americana - Vila Santa Maria,SP01,MP10,52.0,ug/m3,automatica
406,406,2015-01-17,23:00,Americana - Vila Santa Maria,SP01,MP10,57.0,ug/m3,automatica
407,407,2015-01-17,23:55,Americana - Vila Santa Maria,SP01,MP10,52.0,ug/m3,automatica
408,408,2015-01-18,01:00,Americana - Vila Santa Maria,SP01,MP10,30.0,ug/m3,automatica
409,409,2015-01-18,02:00,Americana - Vila Santa Maria,SP01,MP10,30.0,ug/m3,automatica
410,410,2015-01-18,03:00,Americana - Vila Santa Maria,SP01,MP10,49.0,ug/m3,automatica
411,411,2015-01-18,04:00,Americana - Vila Santa Maria,SP01,MP10,33.0,ug/m3,automatica
412,412,2015-01-18,05:00,Americana - Vila Santa Maria,SP01,MP10,92.0,ug/m3,automatica
413,413,2015-01-18,06:00,Americana - Vila Santa Maria,SP01,MP10,60.0,ug/m3,automatica
414,414,2015-01-18,07:00,Americana - Vila Santa Maria,SP01,MP10,50.0,ug/m3,automatica
415,415,2015-01-18,08:00,Americana - Vila Santa Maria,SP01,MP10,54.0,ug/m3,automatica
416,416,2015-01-18,09:00,Americana - Vila Santa Maria,SP01,MP10,57.0,ug/m3,automatica
417,417,2015-01-18,10:00,Americana - Vila Santa Maria,SP01,MP10,43.0,ug/m3,automatica
418,418,2015-01-18,11:00,Americana - Vila Santa Maria,SP01,MP10,42.0,ug/m3,automatica
419,419,2015-01-18,12:00,Americana - Vila Santa Maria,SP01,MP10,34.0,ug/m3,automatica
420,420,2015-01-18,13:00,Americana - Vila Santa Maria,SP01,MP10,37.0,ug/m3,automatica
421,421,2015-01-18,14:00,Americana - Vila Santa Maria,SP01,MP10,33.0,ug/m3,automatica
422,422,2015-01-18,15:00,Americana - Vila Santa Maria,SP01,MP10,63.0,ug/m3,automatica
423,423,2015-01-18,16:00,Americana - Vila Santa Maria,SP01,MP10,50.0,ug/m3,automatica
424,424,2015-01-18,17:00,Americana - Vila Santa Maria,SP01,MP10,43.0,ug/m3,automatica
425,425,2015-01-18,18:00,Americana - Vila Santa Maria,SP01,MP10,38.0,ug/m3,automatica
426,426,2015-01-18,19:00,Americana - Vila Santa Maria,SP01,MP10,8.0,ug/m3,automatica
427,427,2015-01-18,20:00,Americana - Vila Santa Maria,SP01,MP10,0.0,ug/m3,automatica
428,428,2015-01-18,21:00,Americana - Vila Santa Maria,SP01,MP10,20.0,ug/m3,automatica
429,429,2015-01-18,22:00,Americana - Vila Santa Maria,SP01,MP10,36.0,ug/m3,automatica
430,430,2015-01-18,23:00,Americana - Vila Santa Maria,SP01,MP10,58.0,ug/m3,automatica
431,431,2015-01-18,23:55,Americana - Vila Santa Maria,SP01,MP10,49.0,ug/m3,automatica
432,432,2015-01-19,01:00,Americana - Vila Santa Maria,SP01,MP10,51.0,ug/m3,automatica
433,433,2015-01-19,02:00,Americana - Vila Santa Maria,SP01,MP10,67.0,ug/m3,automatica
434,434,2015-01-19,03:00,Americana - Vila Santa Maria,SP01,MP10,48.0,ug/m3,automatica
435,435,2015-01-19,04:00,Americana - Vila Santa Maria,SP01,MP10,47.0,ug/m3,automatica
436,436,2015-01-19,05:00,Americana - Vila Santa Maria,SP01,MP10,35.0,ug/m3,automatica
437,437,2015-01-19,06:00,Americana - Vila Santa Maria,SP01,MP10,34.0,ug/m3,automatica
438,438,2015-01-19,07:00,Americana - Vila Santa Maria,SP01,MP10,41.0,ug/m3,automatica
439,439,2015-01-19,08:00,Americana - Vila Santa Maria,SP01,MP10,39.0,ug/m3,automatica
440,440,2015-01-19,09:00,Americana - Vila Santa Maria,SP01,MP10,44.0,ug/m3,automatica
441,441,2015-01-19,10:00,Americana - Vila Santa Maria,SP01,MP10,60.0,ug/m3,automatica
442,442,2015-01-19,11:00,Americana - Vila Santa Maria,SP01,MP10,21.0,ug/m3,automatica
443,443,2015-01-19,12:00,Americana - Vila Santa Maria,SP01,MP10,39.0,ug/m3,automatica
444,444,2015-01-19,13:00,Americana - Vila Santa Maria,SP01,MP10,32.0,ug/m3,automatica
445,445,2015-01-19,14:00,Americana - Vila Santa Maria,SP01,MP10,47.0,ug/m3,automatica
446,446,2015-01-19,15:00,Americana - Vila Santa Maria,SP01,MP10,60.0,ug/m3,automatica
447,447,2015-01-19,16:00,Americana - Vila Santa Maria,SP01,MP10,53.0,ug/m3,automatica
448,448,2015-01-19,17:00,Americana - Vila Santa Maria,SP01,MP10,43.0,ug/m3,automatica
449,449,2015-01-19,18:00,Americana - Vila Santa Maria,SP01,MP10,27.0,ug/m3,automatica
450,450,2015-01-19,19:00,Americana - Vila Santa Maria,SP01,MP10,14.0,ug/m3,automatica
451,451,2015-01-19,20:00,Americana - Vila Santa Maria,SP01,MP10,10.0,ug/m3,automatica
452,452,2015-01-19,21:00,Americana - Vila Santa Maria,SP01,MP10,3.0,ug/m3,automatica
453,453,2015-01-19,22:00,Americana - Vila Santa Maria,SP01,MP10,30.0,ug/m3,automatica
454,454,2015-01-19,23:00,Americana - Vila Santa Maria,SP01,MP10,42.0,ug/m3,automatica
455,455,2015-01-19,23:55,Americana - Vila Santa Maria,SP01,MP10,52.0,ug/m3,automatica
456,456,2015-01-20,01:00,Americana - Vila Santa Maria,SP01,MP10,29.0,ug/m3,automatica
457,457,2015-01-20,02:00,Americana - Vila Santa Maria,SP01,MP10,29.0,ug/m3,automatica
458,458,2015-01-20,03:00,Americana - Vila Santa Maria,SP01,MP10,40.0,ug/m3,automatica
459,459,2015-01-20,04:00,Americana - Vila Santa Maria,SP01,MP10,28.0,ug/m3,automatica
460,460,2015-01-20,05:00,Americana - Vila Santa Maria,SP01,MP10,40.0,ug/m3,automatica
461,461,2015-01-20,06:00,Americana - Vila Santa Maria,SP01,MP10,34.0,ug/m3,automatica
462,462,2015-01-20,07:00,Americana - Vila Santa Maria,SP01,MP10,34.0,ug/m3,automatica
463,463,2015-01-20,08:00,Americana - Vila Santa Maria,SP01,MP10,51.0,ug/m3,automatica
464,464,2015-01-20,09:00,Americana - Vila Santa Maria,SP01,MP10,52.0,ug/m3,automatica
465,465,2015-01-20,10:00,Americana - Vila Santa Maria,SP01,MP10,74.0,ug/m3,automatica
466,466,2015-01-20,11:00,Americana - Vila Santa Maria,SP01,MP10,55.0,ug/m3,automatica
467,467,2015-01-20,12:00,Americana - Vila Santa Maria,SP01,MP10,44.0,ug/m3,automatica
468,468,2015-01-20,13:00,Americana - Vila Santa Maria,SP01,MP10,107.0,ug/m3,automatica
469,469,2015-01-20,14:00,Americana - Vila Santa Maria,SP01,MP10,73.0,ug/m3,automatica
470,470,2015-01-20,15:00,Americana - Vila Santa Maria,SP01,MP10,83.0,ug/m3,automatica
471,471,2015-01-20,16:00,Americana - Vila Santa Maria,SP01,MP10,63.0,ug/m3,automatica
472,472,2015-01-20,17:00,Americana - Vila Santa Maria,SP01,MP10,33.0,ug/m3,automatica
473,473,2015-01-20,18:00,Americana - Vila Santa Maria,SP01,MP10,41.0,ug/m3,automatica
474,474,2015-01-20,19:00,Americana - Vila Santa Maria,SP01,MP10,16.0,ug/m3,automatica
475,475,2015-01-20,20:00,Americana - Vila Santa Maria,SP01,MP10,1.0,ug/m3,automatica
476,476,2015-01-20,21:00,Americana - Vila Santa Maria,SP01,MP10,56.0,ug/m3,automatica
477,477,2015-01-20,22:00,Americana - Vila Santa Maria,SP01,MP10,61.0,ug/m3,automatica
478,478,2015-01-20,23:00,Americana - Vila Santa Maria,SP01,MP10,57.0,ug/m3,automatica
479,479,2015-01-20,23:55,Americana - Vila Santa Maria,SP01,MP10,43.0,ug/m3,automatica
480,480,2015-01-21,01:00,Americana - Vila Santa Maria,SP01,MP10,38.0,ug/m3,automatica
481,481,2015-01-21,02:00,Americana - Vila Santa Maria,SP01,MP10,74.0,ug/m3,automatica
482,482,2015-01-21,03:00,Americana - Vila Santa Maria,SP01,MP10,108.0,ug/m3,automatica
483,483,2015-01-21,04:00,Americana - Vila Santa Maria,SP01,MP10,11.0,ug/m3,automatica
484,484,2015-01-21,05:00,Americana - Vila Santa Maria,SP01,MP10,12.0,ug/m3,automatica
485,485,2015-01-21,06:00,Americana - Vila Santa Maria,SP01,MP10,12.0,ug/m3,automatica
486,486,2015-01-21,07:00,Americana - Vila Santa Maria,SP01,MP10,25.0,ug/m3,automatica
487,487,2015-01-21,08:00,Americana - Vila Santa Maria,SP01,MP10,19.0,ug/m3,automatica
488,488,2015-01-21,09:00,Americana - Vila Santa Maria,SP01,MP10,4.0,ug/m3,automatica
489,489,2015-01-21,10:00,Americana - Vila Santa Maria,SP01,MP10,19.0,ug/m3,automatica
490,490,2015-01-21,11:00,Americana - Vila Santa Maria,SP01,MP10,14.0,ug/m3,automatica
491,491,2015-01-21,12:00,Americana - Vila Santa Maria,SP01,MP10,25.0,ug/m3,automatica
492,492,2015-01-21,13:00,Americana - Vila Santa Maria,SP01,MP10,30.0,ug/m3,automatica
493,493,2015-01-21,14:00,Americana - Vila Santa Maria,SP01,MP10,42.0,ug/m3,automatica
494,494,2015-01-21,15:00,Americana - Vila Santa Maria,SP01,MP10,40.0,ug/m3,automatica
495,495,2015-01-21,16:00,Americana - Vila Santa Maria,SP01,MP10,40.0,ug/m3,automatica
496,496,2015-01-21,17:00,Americana - Vila Santa Maria,SP01,MP10,25.0,ug/m3,automatica
497,497,2015-01-21,18:00,Americana - Vila Santa Maria,SP01,MP10,22.0,ug/m3,automatica
498,498,2015-01-21,19:00,Americana - Vila Santa Maria,SP01,MP10,4.0,ug/m3,automatica
